{"format": "layers-model", "generatedBy": "keras v2.2.4-tf", "convertedBy": "TensorFlow.js Converter v1.5.2", "modelTopology": {"keras_version": "2.2.4-tf", "backend": "tensorflow", "model_config": {"class_name": "Model", "config": {"name": "model", "layers": [{"class_name": "InputLayer", "config": {"batch_input_shape": [null, 3, 126], "dtype": "float32", "sparse": false, "ragged": false, "name": "input_layer"}, "name": "input_layer", "inbound_nodes": []}, {"class_name": "IdfTransform", "config": {"name": "idf_transform_1", "trainable": true, "dtype": "float32"}, "name": "idf_transform_1", "inbound_nodes": [[["input_layer", 0, 0, {}]]]}, {"class_name": "Bidirectional", "config": {"name": "bidirectional", "trainable": true, "dtype": "float32", "layer": {"class_name": "SimpleRNN", "config": {"name": "simple_rnn", "trainable": true, "dtype": "float32", "return_sequences": true, "return_state": false, "go_backwards": false, "stateful": false, "unroll": false, "time_major": false, "units": 64, "activation": "tanh", "use_bias": true, "kernel_initializer": {"class_name": "GlorotUniform", "config": {"seed": null}}, "recurrent_initializer": {"class_name": "Orthogonal", "config": {"gain": 1.0, "seed": null}}, "bias_initializer": {"class_name": "Zeros", "config": {}}, "kernel_regularizer": null, "recurrent_regularizer": null, "bias_regularizer": null, "activity_regularizer": null, "kernel_constraint": null, "recurrent_constraint": null, "bias_constraint": null, "dropout": 0.0, "recurrent_dropout": 0.0}}, "merge_mode": "concat"}, "name": "bidirectional", "inbound_nodes": [[["idf_transform_1", 0, 0, {}]]]}, {"class_name": "Bidirectional", "config": {"name": "bidirectional_1", "trainable": true, "dtype": "float32", "layer": {"class_name": "SimpleRNN", "config": {"name": "simple_rnn_1", "trainable": true, "dtype": "float32", "return_sequences": true, "return_state": false, "go_backwards": false, "stateful": false, "unroll": false, "time_major": false, "units": 64, "activation": "tanh", "use_bias": true, "kernel_initializer": {"class_name": "GlorotUniform", "config": {"seed": null}}, "recurrent_initializer": {"class_name": "Orthogonal", "config": {"gain": 1.0, "seed": null}}, "bias_initializer": {"class_name": "Zeros", "config": {}}, "kernel_regularizer": null, "recurrent_regularizer": null, "bias_regularizer": null, "activity_regularizer": null, "kernel_constraint": null, "recurrent_constraint": null, "bias_constraint": null, "dropout": 0.0, "recurrent_dropout": 0.0}}, "merge_mode": "concat"}, "name": "bidirectional_1", "inbound_nodes": [[["bidirectional", 0, 0, {}]]]}, {"class_name": "Bidirectional", "config": {"name": "bidirectional_2", "trainable": true, "dtype": "float32", "layer": {"class_name": "SimpleRNN", "config": {"name": "simple_rnn_2", "trainable": true, "dtype": "float32", "return_sequences": true, "return_state": false, "go_backwards": false, "stateful": false, "unroll": false, "time_major": false, "units": 64, "activation": "tanh", "use_bias": true, "kernel_initializer": {"class_name": "GlorotUniform", "config": {"seed": null}}, "recurrent_initializer": {"class_name": "Orthogonal", "config": {"gain": 1.0, "seed": null}}, "bias_initializer": {"class_name": "Zeros", "config": {}}, "kernel_regularizer": null, "recurrent_regularizer": null, "bias_regularizer": null, "activity_regularizer": null, "kernel_constraint": null, "recurrent_constraint": null, "bias_constraint": null, "dropout": 0.0, "recurrent_dropout": 0.0}}, "merge_mode": "concat"}, "name": "bidirectional_2", "inbound_nodes": [[["bidirectional_1", 0, 0, {}]]]}, {"class_name": "Bidirectional", "config": {"name": "bidirectional_3", "trainable": true, "dtype": "float32", "layer": {"class_name": "SimpleRNN", "config": {"name": "simple_rnn_3", "trainable": true, "dtype": "float32", "return_sequences": false, "return_state": false, "go_backwards": false, "stateful": false, "unroll": false, "time_major": false, "units": 64, "activation": "tanh", "use_bias": true, "kernel_initializer": {"class_name": "GlorotUniform", "config": {"seed": null}}, "recurrent_initializer": {"class_name": "Orthogonal", "config": {"gain": 1.0, "seed": null}}, "bias_initializer": {"class_name": "Zeros", "config": {}}, "kernel_regularizer": null, "recurrent_regularizer": null, "bias_regularizer": null, "activity_regularizer": null, "kernel_constraint": null, "recurrent_constraint": null, "bias_constraint": null, "dropout": 0.0, "recurrent_dropout": 0.0}}, "merge_mode": "concat"}, "name": "bidirectional_3", "inbound_nodes": [[["bidirectional_2", 0, 0, {}]]]}, {"class_name": "BatchNormalization", "config": {"name": "batch_normalization", "trainable": true, "dtype": "float32", "axis": [1], "momentum": 0.99, "epsilon": 0.001, "center": true, "scale": true, "beta_initializer": {"class_name": "Zeros", "config": {}}, "gamma_initializer": {"class_name": "Ones", "config": {}}, "moving_mean_initializer": {"class_name": "Zeros", "config": {}}, "moving_variance_initializer": {"class_name": "Ones", "config": {}}, "beta_regularizer": null, "gamma_regularizer": null, "beta_constraint": null, "gamma_constraint": null}, "name": "batch_normalization", "inbound_nodes": [[["bidirectional_3", 0, 0, {}]]]}, {"class_name": "Dense", "config": {"name": "dense", "trainable": true, "dtype": "float32", "units": 64, "activation": "relu", "use_bias": true, "kernel_initializer": {"class_name": "GlorotUniform", "config": {"seed": null}}, "bias_initializer": {"class_name": "Zeros", "config": {}}, "kernel_regularizer": null, "bias_regularizer": null, "activity_regularizer": null, "kernel_constraint": null, "bias_constraint": null}, "name": "dense", "inbound_nodes": [[["batch_normalization", 0, 0, {}]]]}, {"class_name": "Dense", "config": {"name": "dense_1", "trainable": true, "dtype": "float32", "units": 32, "activation": "relu", "use_bias": true, "kernel_initializer": {"class_name": "GlorotUniform", "config": {"seed": null}}, "bias_initializer": {"class_name": "Zeros", "config": {}}, "kernel_regularizer": null, "bias_regularizer": null, "activity_regularizer": null, "kernel_constraint": null, "bias_constraint": null}, "name": "dense_1", "inbound_nodes": [[["dense", 0, 0, {}]]]}, {"class_name": "Dense", "config": {"name": "dense_2", "trainable": true, "dtype": "float32", "units": 1, "activation": "sigmoid", "use_bias": true, "kernel_initializer": {"class_name": "GlorotUniform", "config": {"seed": null}}, "bias_initializer": {"class_name": "Zeros", "config": {}}, "kernel_regularizer": null, "bias_regularizer": null, "activity_regularizer": null, "kernel_constraint": null, "bias_constraint": null}, "name": "dense_2", "inbound_nodes": [[["dense_1", 0, 0, {}]]]}], "input_layers": [["input_layer", 0, 0]], "output_layers": [["dense_2", 0, 0]]}}, "training_config": {"loss": "binary_crossentropy", "metrics": ["accuracy", {"class_name": "AUC", "config": {"name": "auc", "dtype": "float32", "num_thresholds": 201, "curve": "ROC", "summation_method": "interpolation", "thresholds": [0.005, 0.01, 0.015, 0.02, 0.025, 0.03, 0.035, 0.04, 0.045, 0.05, 0.055, 0.06, 0.065, 0.07, 0.075, 0.08, 0.085, 0.09, 0.095, 0.1, 0.105, 0.11, 0.115, 0.12, 0.125, 0.13, 0.135, 0.14, 0.145, 0.15, 0.155, 0.16, 0.165, 0.17, 0.175, 0.18, 0.185, 0.19, 0.195, 0.2, 0.205, 0.21, 0.215, 0.22, 0.225, 0.23, 0.235, 0.24, 0.245, 0.25, 0.255, 0.26, 0.265, 0.27, 0.275, 0.28, 0.285, 0.29, 0.295, 0.3, 0.305, 0.31, 0.315, 0.32, 0.325, 0.33, 0.335, 0.34, 0.345, 0.35, 0.355, 0.36, 0.365, 0.37, 0.375, 0.38, 0.385, 0.39, 0.395, 0.4, 0.405, 0.41, 0.415, 0.42, 0.425, 0.43, 0.435, 0.44, 0.445, 0.45, 0.455, 0.46, 0.465, 0.47, 0.475, 0.48, 0.485, 0.49, 0.495, 0.5, 0.505, 0.51, 0.515, 0.52, 0.525, 0.53, 0.535, 0.54, 0.545, 0.55, 0.555, 0.56, 0.565, 0.57, 0.575, 0.58, 0.585, 0.59, 0.595, 0.6, 0.605, 0.61, 0.615, 0.62, 0.625, 0.63, 0.635, 0.64, 0.645, 0.65, 0.655, 0.66, 0.665, 0.67, 0.675, 0.68, 0.685, 0.69, 0.695, 0.7, 0.705, 0.71, 0.715, 0.72, 0.725, 0.73, 0.735, 0.74, 0.745, 0.75, 0.755, 0.76, 0.765, 0.77, 0.775, 0.78, 0.785, 0.79, 0.795, 0.8, 0.805, 0.81, 0.815, 0.82, 0.825, 0.83, 0.835, 0.84, 0.845, 0.85, 0.855, 0.86, 0.865, 0.87, 0.875, 0.88, 0.885, 0.89, 0.895, 0.9, 0.905, 0.91, 0.915, 0.92, 0.925, 0.93, 0.935, 0.94, 0.945, 0.95, 0.955, 0.96, 0.965, 0.97, 0.975, 0.98, 0.985, 0.99, 0.995], "multi_label": false, "label_weights": null}}], "weighted_metrics": null, "sample_weight_mode": null, "loss_weights": null, "optimizer_config": {"class_name": "SGD", "config": {"name": "SGD", "clipnorm": 1, "learning_rate": 9.99999993922529e-09, "decay": 0.0, "momentum": 0.8999999761581421, "nesterov": false}}}}, "weightsManifest": [{"paths": ["group1-shard1of1.bin"], "weights": [{"name": "batch_normalization/gamma", "shape": [128], "dtype": "float32"}, {"name": "batch_normalization/beta", "shape": [128], "dtype": "float32"}, {"name": "batch_normalization/moving_mean", "shape": [128], "dtype": "float32"}, {"name": "batch_normalization/moving_variance", "shape": [128], "dtype": "float32"}, {"name": "bidirectional/forward_simple_rnn/kernel", "shape": [126, 64], "dtype": "float32"}, {"name": "bidirectional/forward_simple_rnn/recurrent_kernel", "shape": [64, 64], "dtype": "float32"}, {"name": "bidirectional/forward_simple_rnn/bias", "shape": [64], "dtype": "float32"}, {"name": "bidirectional/backward_simple_rnn/kernel", "shape": [126, 64], "dtype": "float32"}, {"name": "bidirectional/backward_simple_rnn/recurrent_kernel", "shape": [64, 64], "dtype": "float32"}, {"name": "bidirectional/backward_simple_rnn/bias", "shape": [64], "dtype": "float32"}, {"name": "bidirectional_1/forward_simple_rnn_1/kernel", "shape": [128, 64], "dtype": "float32"}, {"name": "bidirectional_1/forward_simple_rnn_1/recurrent_kernel", "shape": [64, 64], "dtype": "float32"}, {"name": "bidirectional_1/forward_simple_rnn_1/bias", "shape": [64], "dtype": "float32"}, {"name": "bidirectional_1/backward_simple_rnn_1/kernel", "shape": [128, 64], "dtype": "float32"}, {"name": "bidirectional_1/backward_simple_rnn_1/recurrent_kernel", "shape": [64, 64], "dtype": "float32"}, {"name": "bidirectional_1/backward_simple_rnn_1/bias", "shape": [64], "dtype": "float32"}, {"name": "bidirectional_2/forward_simple_rnn_2/kernel", "shape": [128, 64], "dtype": "float32"}, {"name": "bidirectional_2/forward_simple_rnn_2/recurrent_kernel", "shape": [64, 64], "dtype": "float32"}, {"name": "bidirectional_2/forward_simple_rnn_2/bias", "shape": [64], "dtype": "float32"}, {"name": "bidirectional_2/backward_simple_rnn_2/kernel", "shape": [128, 64], "dtype": "float32"}, {"name": "bidirectional_2/backward_simple_rnn_2/recurrent_kernel", "shape": [64, 64], "dtype": "float32"}, {"name": "bidirectional_2/backward_simple_rnn_2/bias", "shape": [64], "dtype": "float32"}, {"name": "bidirectional_3/forward_simple_rnn_3/kernel", "shape": [128, 64], "dtype": "float32"}, {"name": "bidirectional_3/forward_simple_rnn_3/recurrent_kernel", "shape": [64, 64], "dtype": "float32"}, {"name": "bidirectional_3/forward_simple_rnn_3/bias", "shape": [64], "dtype": "float32"}, {"name": "bidirectional_3/backward_simple_rnn_3/kernel", "shape": [128, 64], "dtype": "float32"}, {"name": "bidirectional_3/backward_simple_rnn_3/recurrent_kernel", "shape": [64, 64], "dtype": "float32"}, {"name": "bidirectional_3/backward_simple_rnn_3/bias", "shape": [64], "dtype": "float32"}, {"name": "dense/kernel", "shape": [128, 64], "dtype": "float32"}, {"name": "dense/bias", "shape": [64], "dtype": "float32"}, {"name": "dense_1/kernel", "shape": [64, 32], "dtype": "float32"}, {"name": "dense_1/bias", "shape": [32], "dtype": "float32"}, {"name": "dense_2/kernel", "shape": [32, 1], "dtype": "float32"}, {"name": "dense_2/bias", "shape": [1], "dtype": "float32"}]}]}