{"mousedown": 105, "mousemove": 106, "w": 116, "a": 92, "s": 112, "d": 95, "Enter": 52, "n": 107, "o": 108, "p": 109, "e": 96, "y": 118, "u": 114, "r": 111, "Space": 75, "g": 98, "i": 100, "f": 97, "ArrowUp": 37, "ArrowRight": 36, "ArrowLeft": 35, "ArrowDown": 34, "2": 17, "3": 18, "t": 113, "Shift": 74, "!": 0, "Backspace": 39, "Tab": 78, "z": 119, "q": 110, "l": 103, "h": 99, "m": 104, "x": 117, "4": 19, "k": 102, "1": 16, "b": 93, "Control": 46, "A": 32, "S": 73, "6": 21, "7": 22, "8": 23, "5": 20, "R": 72, "D": 47, "W": 81, "j": 101, "c": 94, "\\": 87, "BrowserBack": 40, "`": 91, "Alt": 33, "v": 115, "0": 15, "9": 24, "Meta": 64, "P": 68, "E": 49, "O": 67, "L": 62, "H": 56, "Y": 83, "I": 58, ")": 8, "B": 38, "K": 61, ".": 13, "Escape": 53, "G": 55, "N": 65, "M": 63, ",": 11, "PageUp": 70, "F": 54, "T": 77, "C": 42, "U": 79, "/": 14, "=": 28, "-": 12, "[": 86, "]": 88, "?": 30, "(": 7, ";": 26, "'": 6, ":": 25, "Z": 84, "$": 3, "BrowserForward": 41, "Q": 71, "CapsLock": 43, ">": 29, "+": 10, "J": 60, "V": 80, "|": 121, "X": 82, "%": 4, "*": 9, "_": 90, "@": 31, "^": 89, "#": 2, "&": 5, "Eject": 50, "~": 123, "}": 122, "\"": 1, "ContextMenu": 45, "{": 120, "<": 27, "Delete": 48, "PageDown": 69, "Insert": 59, "Home": 57, "ZoomToggle": 85, "NumLock": 66, "End": 51, "Clear": 44, "\u00b5": 124, "\u00bf": 125, "SpeechInputToggle": 76}