{"format": "graph-model", "generatedBy": "1.12.0", "convertedBy": "TensorFlow.js Converter v1.5.2", "userDefinedMetadata": {"signature": {"inputs": {"new_input:0": {"name": "new_input:0", "dtype": "DT_FLOAT", "tensorShape": {"dim": [{"size": "-1"}, {"size": "28"}, {"size": "28"}, {"size": "1"}]}}}, "outputs": {"dense/Relu:0": {"name": "dense/Relu:0", "dtype": "DT_FLOAT", "tensorShape": {"dim": [{"size": "-1"}, {"size": "2"}]}}}}}, "modelTopology": {"node": [{"name": "conv2d/kernel", "op": "Const", "attr": {"value": {"tensor": {"dtype": "DT_FLOAT", "tensorShape": {"dim": [{"size": "3"}, {"size": "3"}, {"size": "1"}, {"size": "8"}]}}}, "dtype": {"type": "DT_FLOAT"}}}, {"name": "conv2d/bias", "op": "Const", "attr": {"value": {"tensor": {"dtype": "DT_FLOAT", "tensorShape": {"dim": [{"size": "8"}]}}}, "dtype": {"type": "DT_FLOAT"}}}, {"name": "conv2d_1/kernel", "op": "Const", "attr": {"value": {"tensor": {"dtype": "DT_FLOAT", "tensorShape": {"dim": [{"size": "3"}, {"size": "3"}, {"size": "8"}, {"size": "8"}]}}}, "dtype": {"type": "DT_FLOAT"}}}, {"name": "conv2d_1/bias", "op": "Const", "attr": {"value": {"tensor": {"dtype": "DT_FLOAT", "tensorShape": {"dim": [{"size": "8"}]}}}, "dtype": {"type": "DT_FLOAT"}}}, {"name": "flatten/strided_slice/stack", "op": "Const", "attr": {"value": {"tensor": {"dtype": "DT_INT32", "tensorShape": {"dim": [{"size": "1"}]}}}, "dtype": {"type": "DT_INT32"}}}, {"name": "flatten/strided_slice/stack_1", "op": "Const", "attr": {"value": {"tensor": {"dtype": "DT_INT32", "tensorShape": {"dim": [{"size": "1"}]}}}, "dtype": {"type": "DT_INT32"}}}, {"name": "flatten/Reshape/shape/1", "op": "Const", "attr": {"value": {"tensor": {"dtype": "DT_INT32", "tensorShape": {}}}, "dtype": {"type": "DT_INT32"}}}, {"name": "dense/kernel", "op": "Const", "attr": {"value": {"tensor": {"dtype": "DT_FLOAT", "tensorShape": {"dim": [{"size": "1152"}, {"size": "2"}]}}}, "dtype": {"type": "DT_FLOAT"}}}, {"name": "dense/bias", "op": "Const", "attr": {"value": {"tensor": {"dtype": "DT_FLOAT", "tensorShape": {"dim": [{"size": "2"}]}}}, "dtype": {"type": "DT_FLOAT"}}}, {"name": "new_input", "op": "Placeholder", "attr": {"dtype": {"type": "DT_FLOAT"}, "shape": {"shape": {"dim": [{"size": "-1"}, {"size": "28"}, {"size": "28"}, {"size": "1"}]}}}}, {"name": "conv2d/Relu", "op": "_FusedConv2D", "input": ["new_input", "conv2d/kernel", "conv2d/bias"], "device": "/device:CPU:0", "attr": {"dilations": {"list": {"i": ["1", "1", "1", "1"]}}, "T": {"type": "DT_FLOAT"}, "data_format": {"s": "TkhXQw=="}, "strides": {"list": {"i": ["1", "1", "1", "1"]}}, "use_cudnn_on_gpu": {"b": true}, "explicit_paddings": {"list": {}}, "num_args": {"i": "1"}, "epsilon": {"f": 0.0}, "padding": {"s": "VkFMSUQ="}, "fused_ops": {"list": {"s": ["Qmlhc0FkZA==", "UmVsdQ=="]}}}}, {"name": "conv2d_1/BiasAdd", "op": "_FusedConv2D", "input": ["conv2d/Relu", "conv2d_1/kernel", "conv2d_1/bias"], "device": "/device:CPU:0", "attr": {"data_format": {"s": "TkhXQw=="}, "strides": {"list": {"i": ["1", "1", "1", "1"]}}, "explicit_paddings": {"list": {}}, "use_cudnn_on_gpu": {"b": true}, "num_args": {"i": "1"}, "epsilon": {"f": 0.0}, "padding": {"s": "VkFMSUQ="}, "fused_ops": {"list": {"s": ["Qmlhc0FkZA=="]}}, "dilations": {"list": {"i": ["1", "1", "1", "1"]}}, "T": {"type": "DT_FLOAT"}}}, {"name": "max_pooling2d/MaxPool", "op": "MaxPool", "input": ["conv2d_1/BiasAdd"], "attr": {"strides": {"list": {"i": ["1", "2", "2", "1"]}}, "data_format": {"s": "TkhXQw=="}, "ksize": {"list": {"i": ["1", "2", "2", "1"]}}, "padding": {"s": "VkFMSUQ="}, "T": {"type": "DT_FLOAT"}}}, {"name": "conv2d_1/Relu", "op": "Relu", "input": ["max_pooling2d/MaxPool"], "attr": {"T": {"type": "DT_FLOAT"}}}, {"name": "flatten/Shape", "op": "Shape", "input": ["conv2d_1/Relu"], "attr": {"T": {"type": "DT_FLOAT"}, "out_type": {"type": "DT_INT32"}}}, {"name": "flatten/strided_slice", "op": "StridedSlice", "input": ["flatten/Shape", "flatten/strided_slice/stack", "flatten/strided_slice/stack_1", "flatten/strided_slice/stack_1"], "attr": {"shrink_axis_mask": {"i": "1"}, "ellipsis_mask": {"i": "0"}, "begin_mask": {"i": "0"}, "new_axis_mask": {"i": "0"}, "end_mask": {"i": "0"}, "T": {"type": "DT_INT32"}, "Index": {"type": "DT_INT32"}}}, {"name": "flatten/Reshape/shape", "op": "Pack", "input": ["flatten/strided_slice", "flatten/Reshape/shape/1"], "attr": {"T": {"type": "DT_INT32"}, "axis": {"i": "0"}, "N": {"i": "2"}}}, {"name": "flatten/Reshape", "op": "Reshape", "input": ["conv2d_1/Relu", "flatten/Reshape/shape"], "attr": {"T": {"type": "DT_FLOAT"}, "Tshape": {"type": "DT_INT32"}}}, {"name": "dense/Relu", "op": "_FusedMatMul", "input": ["flatten/Reshape", "dense/kernel", "dense/bias"], "device": "/device:CPU:0", "attr": {"num_args": {"i": "1"}, "epsilon": {"f": 0.0}, "fused_ops": {"list": {"s": ["Qmlhc0FkZA==", "UmVsdQ=="]}}, "transpose_a": {"b": false}, "transpose_b": {"b": false}, "T": {"type": "DT_FLOAT"}}}], "versions": {"producer": 175}}, "weightsManifest": [{"paths": ["group1-shard1of1.bin"], "weights": [{"name": "conv2d/kernel", "shape": [3, 3, 1, 8], "dtype": "float32"}, {"name": "conv2d/bias", "shape": [8], "dtype": "float32"}, {"name": "conv2d_1/kernel", "shape": [3, 3, 8, 8], "dtype": "float32"}, {"name": "conv2d_1/bias", "shape": [8], "dtype": "float32"}, {"name": "flatten/strided_slice/stack", "shape": [1], "dtype": "int32"}, {"name": "flatten/strided_slice/stack_1", "shape": [1], "dtype": "int32"}, {"name": "flatten/Reshape/shape/1", "shape": [], "dtype": "int32"}, {"name": "dense/kernel", "shape": [1152, 2], "dtype": "float32"}, {"name": "dense/bias", "shape": [2], "dtype": "float32"}]}]}