{"format": "graph-model", "generatedBy": "1.13.1", "convertedBy": "TensorFlow.js Converter v1.5.2", "userDefinedMetadata": {"signature": {"inputs": {"input_layer:0": {"name": "input_layer:0", "dtype": "DT_FLOAT", "tensorShape": {"dim": [{"size": "-1"}, {"size": "-1"}, {"size": "-1"}, {"size": "3"}]}}, "drop_rate:0": {"name": "drop_rate:0", "dtype": "DT_FLOAT", "tensorShape": {"unknownRank": true}}}, "outputs": {"pred/prob:0": {"name": "pred/prob:0", "dtype": "DT_FLOAT", "tensorShape": {"dim": [{"size": "-1"}, {"size": "1"}]}}}}}, "modelTopology": {"node": [{"name": "drop_rate", "op": "Placeholder", "attr": {"shape": {"shape": {"unknownRank": true}}, "dtype": {"type": "DT_FLOAT"}}}, {"name": "input_layer", "op": "Placeholder", "attr": {"dtype": {"type": "DT_FLOAT"}, "shape": {"shape": {"dim": [{"size": "-1"}, {"size": "-1"}, {"size": "-1"}, {"size": "3"}]}}}}, {"name": "conv/Reshape/shape", "op": "Const", "attr": {"value": {"tensor": {"dtype": "DT_INT32", "tensorShape": {"dim": [{"size": "4"}]}}}, "dtype": {"type": "DT_INT32"}}}, {"name": "conv2d/kernel", "op": "Const", "attr": {"value": {"tensor": {"dtype": "DT_FLOAT", "tensorShape": {"dim": [{"size": "3"}, {"size": "3"}, {"size": "3"}, {"size": "32"}]}}}, "dtype": {"type": "DT_FLOAT"}}}, {"name": "conv2d/bias", "op": "Const", "attr": {"value": {"tensor": {"dtype": "DT_FLOAT", "tensorShape": {"dim": [{"size": "32"}]}}}, "dtype": {"type": "DT_FLOAT"}}}, {"name": "conv2d_1/kernel", "op": "Const", "attr": {"value": {"tensor": {"dtype": "DT_FLOAT", "tensorShape": {"dim": [{"size": "3"}, {"size": "3"}, {"size": "32"}, {"size": "32"}]}}}, "dtype": {"type": "DT_FLOAT"}}}, {"name": "dense/kernel", "op": "Const", "attr": {"value": {"tensor": {"dtype": "DT_FLOAT", "tensorShape": {"dim": [{"size": "256"}, {"size": "512"}]}}}, "dtype": {"type": "DT_FLOAT"}}}, {"name": "conv2d_1/bias", "op": "Const", "attr": {"value": {"tensor": {"dtype": "DT_FLOAT", "tensorShape": {"dim": [{"size": "32"}]}}}, "dtype": {"type": "DT_FLOAT"}}}, {"name": "conv2d_2/kernel", "op": "Const", "attr": {"value": {"tensor": {"dtype": "DT_FLOAT", "tensorShape": {"dim": [{"size": "3"}, {"size": "3"}, {"size": "32"}, {"size": "64"}]}}}, "dtype": {"type": "DT_FLOAT"}}}, {"name": "logit/bias", "op": "Const", "attr": {"value": {"tensor": {"dtype": "DT_FLOAT", "tensorShape": {"dim": [{"size": "1"}]}}}, "dtype": {"type": "DT_FLOAT"}}}, {"name": "conv2d_2/bias", "op": "Const", "attr": {"value": {"tensor": {"dtype": "DT_FLOAT", "tensorShape": {"dim": [{"size": "64"}]}}}, "dtype": {"type": "DT_FLOAT"}}}, {"name": "dense/bias", "op": "Const", "attr": {"value": {"tensor": {"dtype": "DT_FLOAT", "tensorShape": {"dim": [{"size": "512"}]}}}, "dtype": {"type": "DT_FLOAT"}}}, {"name": "conv2d_3/kernel", "op": "Const", "attr": {"value": {"tensor": {"dtype": "DT_FLOAT", "tensorShape": {"dim": [{"size": "3"}, {"size": "3"}, {"size": "64"}, {"size": "64"}]}}}, "dtype": {"type": "DT_FLOAT"}}}, {"name": "conv2d_3/bias", "op": "Const", "attr": {"value": {"tensor": {"dtype": "DT_FLOAT", "tensorShape": {"dim": [{"size": "64"}]}}}, "dtype": {"type": "DT_FLOAT"}}}, {"name": "conv2d_4/kernel", "op": "Const", "attr": {"value": {"tensor": {"dtype": "DT_FLOAT", "tensorShape": {"dim": [{"size": "3"}, {"size": "3"}, {"size": "64"}, {"size": "64"}]}}}, "dtype": {"type": "DT_FLOAT"}}}, {"name": "conv2d_4/bias", "op": "Const", "attr": {"value": {"tensor": {"dtype": "DT_FLOAT", "tensorShape": {"dim": [{"size": "64"}]}}}, "dtype": {"type": "DT_FLOAT"}}}, {"name": "logit/kernel", "op": "Const", "attr": {"value": {"tensor": {"dtype": "DT_FLOAT", "tensorShape": {"dim": [{"size": "512"}, {"size": "1"}]}}}, "dtype": {"type": "DT_FLOAT"}}}, {"name": "conv2d_5/kernel", "op": "Const", "attr": {"dtype": {"type": "DT_FLOAT"}, "value": {"tensor": {"dtype": "DT_FLOAT", "tensorShape": {"dim": [{"size": "3"}, {"size": "3"}, {"size": "64"}, {"size": "64"}]}}}}}, {"name": "conv2d_5/bias", "op": "Const", "attr": {"value": {"tensor": {"dtype": "DT_FLOAT", "tensorShape": {"dim": [{"size": "64"}]}}}, "dtype": {"type": "DT_FLOAT"}}}, {"name": "dense/flatten/strided_slice/stack", "op": "Const", "attr": {"dtype": {"type": "DT_INT32"}, "value": {"tensor": {"dtype": "DT_INT32", "tensorShape": {"dim": [{"size": "1"}]}}}}}, {"name": "dense/flatten/strided_slice/stack_1", "op": "Const", "attr": {"value": {"tensor": {"dtype": "DT_INT32", "tensorShape": {"dim": [{"size": "1"}]}}}, "dtype": {"type": "DT_INT32"}}}, {"name": "dense/flatten/Reshape/shape/1", "op": "Const", "attr": {"dtype": {"type": "DT_INT32"}, "value": {"tensor": {"dtype": "DT_INT32", "tensorShape": {}}}}}, {"name": "conv/Reshape", "op": "Reshape", "input": ["input_layer", "conv/Reshape/shape"], "attr": {"T": {"type": "DT_FLOAT"}, "Tshape": {"type": "DT_INT32"}}}, {"name": "conv/conv2d/Relu", "op": "_FusedConv2D", "input": ["conv/Reshape", "conv2d/kernel", "conv2d/bias"], "device": "/device:CPU:0", "attr": {"dilations": {"list": {"i": ["1", "1", "1", "1"]}}, "T": {"type": "DT_FLOAT"}, "data_format": {"s": "TkhXQw=="}, "strides": {"list": {"i": ["1", "1", "1", "1"]}}, "use_cudnn_on_gpu": {"b": true}, "explicit_paddings": {"list": {}}, "num_args": {"i": "1"}, "epsilon": {"f": 0.0}, "padding": {"s": "VkFMSUQ="}, "fused_ops": {"list": {"s": ["Qmlhc0FkZA==", "UmVsdQ=="]}}}}, {"name": "conv/conv2d_1/BiasAdd", "op": "_FusedConv2D", "input": ["conv/conv2d/Relu", "conv2d_1/kernel", "conv2d_1/bias"], "device": "/device:CPU:0", "attr": {"T": {"type": "DT_FLOAT"}, "strides": {"list": {"i": ["1", "1", "1", "1"]}}, "data_format": {"s": "TkhXQw=="}, "explicit_paddings": {"list": {}}, "use_cudnn_on_gpu": {"b": true}, "num_args": {"i": "1"}, "epsilon": {"f": 0.0}, "padding": {"s": "VkFMSUQ="}, "fused_ops": {"list": {"s": ["Qmlhc0FkZA=="]}}, "dilations": {"list": {"i": ["1", "1", "1", "1"]}}}}, {"name": "conv/max_pooling2d/MaxPool", "op": "MaxPool", "input": ["conv/conv2d_1/BiasAdd"], "attr": {"ksize": {"list": {"i": ["1", "2", "2", "1"]}}, "padding": {"s": "VkFMSUQ="}, "T": {"type": "DT_FLOAT"}, "strides": {"list": {"i": ["1", "2", "2", "1"]}}, "data_format": {"s": "TkhXQw=="}}}, {"name": "conv/conv2d_1/Relu", "op": "Relu", "input": ["conv/max_pooling2d/MaxPool"], "attr": {"T": {"type": "DT_FLOAT"}}}, {"name": "conv/conv2d_2/Relu", "op": "_FusedConv2D", "input": ["conv/conv2d_1/Relu", "conv2d_2/kernel", "conv2d_2/bias"], "device": "/device:CPU:0", "attr": {"dilations": {"list": {"i": ["1", "1", "1", "1"]}}, "T": {"type": "DT_FLOAT"}, "data_format": {"s": "TkhXQw=="}, "strides": {"list": {"i": ["1", "1", "1", "1"]}}, "explicit_paddings": {"list": {}}, "use_cudnn_on_gpu": {"b": true}, "num_args": {"i": "1"}, "epsilon": {"f": 0.0}, "padding": {"s": "VkFMSUQ="}, "fused_ops": {"list": {"s": ["Qmlhc0FkZA==", "UmVsdQ=="]}}}}, {"name": "conv/conv2d_3/BiasAdd", "op": "_FusedConv2D", "input": ["conv/conv2d_2/Relu", "conv2d_3/kernel", "conv2d_3/bias"], "device": "/device:CPU:0", "attr": {"T": {"type": "DT_FLOAT"}, "data_format": {"s": "TkhXQw=="}, "strides": {"list": {"i": ["1", "1", "1", "1"]}}, "explicit_paddings": {"list": {}}, "use_cudnn_on_gpu": {"b": true}, "num_args": {"i": "1"}, "epsilon": {"f": 0.0}, "padding": {"s": "VkFMSUQ="}, "fused_ops": {"list": {"s": ["Qmlhc0FkZA=="]}}, "dilations": {"list": {"i": ["1", "1", "1", "1"]}}}}, {"name": "conv/max_pooling2d_1/MaxPool", "op": "MaxPool", "input": ["conv/conv2d_3/BiasAdd"], "attr": {"T": {"type": "DT_FLOAT"}, "data_format": {"s": "TkhXQw=="}, "strides": {"list": {"i": ["1", "2", "2", "1"]}}, "ksize": {"list": {"i": ["1", "2", "2", "1"]}}, "padding": {"s": "VkFMSUQ="}}}, {"name": "conv/conv2d_3/Relu", "op": "Relu", "input": ["conv/max_pooling2d_1/MaxPool"], "attr": {"T": {"type": "DT_FLOAT"}}}, {"name": "conv/conv2d_4/Relu", "op": "_FusedConv2D", "input": ["conv/conv2d_3/Relu", "conv2d_4/kernel", "conv2d_4/bias"], "device": "/device:CPU:0", "attr": {"fused_ops": {"list": {"s": ["Qmlhc0FkZA==", "UmVsdQ=="]}}, "dilations": {"list": {"i": ["1", "1", "1", "1"]}}, "T": {"type": "DT_FLOAT"}, "strides": {"list": {"i": ["1", "1", "1", "1"]}}, "data_format": {"s": "TkhXQw=="}, "use_cudnn_on_gpu": {"b": true}, "explicit_paddings": {"list": {}}, "num_args": {"i": "1"}, "epsilon": {"f": 0.0}, "padding": {"s": "VkFMSUQ="}}}, {"name": "conv/conv2d_5/BiasAdd", "op": "_FusedConv2D", "input": ["conv/conv2d_4/Relu", "conv2d_5/kernel", "conv2d_5/bias"], "device": "/device:CPU:0", "attr": {"strides": {"list": {"i": ["1", "1", "1", "1"]}}, "data_format": {"s": "TkhXQw=="}, "explicit_paddings": {"list": {}}, "use_cudnn_on_gpu": {"b": true}, "num_args": {"i": "1"}, "epsilon": {"f": 0.0}, "padding": {"s": "VkFMSUQ="}, "fused_ops": {"list": {"s": ["Qmlhc0FkZA=="]}}, "dilations": {"list": {"i": ["1", "1", "1", "1"]}}, "T": {"type": "DT_FLOAT"}}}, {"name": "conv/max_pooling2d_2/MaxPool", "op": "MaxPool", "input": ["conv/conv2d_5/BiasAdd"], "attr": {"ksize": {"list": {"i": ["1", "2", "2", "1"]}}, "padding": {"s": "VkFMSUQ="}, "T": {"type": "DT_FLOAT"}, "strides": {"list": {"i": ["1", "2", "2", "1"]}}, "data_format": {"s": "TkhXQw=="}}}, {"name": "conv/conv2d_5/Relu", "op": "Relu", "input": ["conv/max_pooling2d_2/MaxPool"], "attr": {"T": {"type": "DT_FLOAT"}}}, {"name": "dense/flatten/Shape", "op": "Shape", "input": ["conv/conv2d_5/Relu"], "attr": {"T": {"type": "DT_FLOAT"}, "out_type": {"type": "DT_INT32"}}}, {"name": "dense/flatten/strided_slice", "op": "StridedSlice", "input": ["dense/flatten/Shape", "dense/flatten/strided_slice/stack", "dense/flatten/strided_slice/stack_1", "dense/flatten/strided_slice/stack_1"], "attr": {"Index": {"type": "DT_INT32"}, "T": {"type": "DT_INT32"}, "shrink_axis_mask": {"i": "1"}, "begin_mask": {"i": "0"}, "ellipsis_mask": {"i": "0"}, "new_axis_mask": {"i": "0"}, "end_mask": {"i": "0"}}}, {"name": "dense/flatten/Reshape/shape", "op": "Pack", "input": ["dense/flatten/strided_slice", "dense/flatten/Reshape/shape/1"], "attr": {"T": {"type": "DT_INT32"}, "axis": {"i": "0"}, "N": {"i": "2"}}}, {"name": "dense/flatten/Reshape", "op": "Reshape", "input": ["conv/conv2d_5/Relu", "dense/flatten/Reshape/shape"], "attr": {"T": {"type": "DT_FLOAT"}, "Tshape": {"type": "DT_INT32"}}}, {"name": "dense/dense/Relu", "op": "_FusedMatMul", "input": ["dense/flatten/Reshape", "dense/kernel", "dense/bias"], "device": "/device:CPU:0", "attr": {"transpose_b": {"b": false}, "T": {"type": "DT_FLOAT"}, "num_args": {"i": "1"}, "epsilon": {"f": 0.0}, "fused_ops": {"list": {"s": ["Qmlhc0FkZA==", "UmVsdQ=="]}}, "transpose_a": {"b": false}}}, {"name": "pred/logit/BiasAdd", "op": "_FusedMatMul", "input": ["dense/dense/Relu", "logit/kernel", "logit/bias"], "device": "/device:CPU:0", "attr": {"fused_ops": {"list": {"s": ["Qmlhc0FkZA=="]}}, "transpose_a": {"b": false}, "transpose_b": {"b": false}, "T": {"type": "DT_FLOAT"}, "num_args": {"i": "1"}, "epsilon": {"f": 0.0}}}, {"name": "pred/prob", "op": "Sigmoid", "input": ["pred/logit/BiasAdd"], "attr": {"T": {"type": "DT_FLOAT"}}}], "versions": {"producer": 175}}, "weightsManifest": [{"paths": ["group1-shard1of1.bin"], "weights": [{"name": "conv/Reshape/shape", "shape": [4], "dtype": "int32"}, {"name": "conv2d/kernel", "shape": [3, 3, 3, 32], "dtype": "float32"}, {"name": "conv2d/bias", "shape": [32], "dtype": "float32"}, {"name": "conv2d_1/kernel", "shape": [3, 3, 32, 32], "dtype": "float32"}, {"name": "dense/kernel", "shape": [256, 512], "dtype": "float32"}, {"name": "conv2d_1/bias", "shape": [32], "dtype": "float32"}, {"name": "conv2d_2/kernel", "shape": [3, 3, 32, 64], "dtype": "float32"}, {"name": "logit/bias", "shape": [1], "dtype": "float32"}, {"name": "conv2d_2/bias", "shape": [64], "dtype": "float32"}, {"name": "dense/bias", "shape": [512], "dtype": "float32"}, {"name": "conv2d_3/kernel", "shape": [3, 3, 64, 64], "dtype": "float32"}, {"name": "conv2d_3/bias", "shape": [64], "dtype": "float32"}, {"name": "conv2d_4/kernel", "shape": [3, 3, 64, 64], "dtype": "float32"}, {"name": "conv2d_4/bias", "shape": [64], "dtype": "float32"}, {"name": "logit/kernel", "shape": [512, 1], "dtype": "float32"}, {"name": "conv2d_5/kernel", "shape": [3, 3, 64, 64], "dtype": "float32"}, {"name": "conv2d_5/bias", "shape": [64], "dtype": "float32"}, {"name": "dense/flatten/strided_slice/stack", "shape": [1], "dtype": "int32"}, {"name": "dense/flatten/strided_slice/stack_1", "shape": [1], "dtype": "int32"}, {"name": "dense/flatten/Reshape/shape/1", "shape": [], "dtype": "int32"}]}]}